Site;Transmitter;Azimuth (°);Site.Longitude;Site.Latitude
1090;LU1090_1;130;39,401261111E;48,585525N
1090;LU1090_2;210;39,401261111E;48,585525N
1090;LU1090_3;320;39,401261111E;48,585525N
119;119G1;85;39,642433819E;48,837260193N
119;119G2;200;39,642433819E;48,837260193N
119;119G3;310;39,642433819E;48,837260193N
120;120D4;10;39,565652778E;49,210019444N
120;120D5;140;39,565652778E;49,210019444N
120;120D6;240;39,565652778E;49,210019444N
121;121G1;90;40,117004246E;49,38084655N
121;121D5;230;40,117004246E;49,38084655N
121;121D6;310;40,117004246E;49,38084655N
122;122D4;20;39,546299743E;49,512590814N
122;122D5;105;39,546299743E;49,512590814N
122;122D6;245;39,546299743E;49,512590814N
123;123D4;95;39,130869601E;49,530806729N
123;123D5;220;39,130869601E;49,530806729N
123;123D6;340;39,130869601E;49,530806729N
124;124D4;140;38,737703725E;49,53417237N
124;124D5;245;38,737703725E;49,53417237N
124;124D6;340;38,737703725E;49,53417237N
125;125G1;60;38,860583333E;49,285269444N
125;125G2;125;38,860583333E;49,285269444N
125;125G3;260;38,860583333E;49,285269444N
127;127D4;10;39,51E;48,66N
127;127D5;120;39,51E;48,66N
127;127D6;240;39,51E;48,66N
128;128D4;20;38,118524778E;49,457775772N
128;128D5;150;38,118524778E;49,457775772N
128;128D6;265;38,118524778E;49,457775772N
129;129D4;35;38,968055556E;48,955555556N
129;129D5;110;38,968055556E;48,955555556N
131;131G1;60;39,000720907E;49,68693815N
131;131G2;140;39,000720907E;49,68693815N
131;131G3;240;39,000720907E;49,68693815N
132;132G1;60;38,605246199E;49,786329204N
132;132G2;150;38,605246199E;49,786329204N
132;132G3;290;38,605246199E;49,786329204N
133;133G1;130;38,277344463E;49,907198194N
133;133G2;220;38,277344463E;49,907198194N
133;133G3;330;38,277344463E;49,907198194N
133;133D5;220;38,277344463E;49,907198194N
133;133D6;330;38,277344463E;49,907198194N
133;133D4;110;38,277344463E;49,907198194N
136;136G1;15;38,879931688E;49,148275344N
136;136G3;160;38,879931688E;49,148275344N
136;136D5;90;38,879931688E;49,148275344N
138;138D4;120;39,22691192E;48,740366105N
138;138D5;230;39,22691192E;48,740366105N
138;138D6;340;39,22691192E;48,740366105N
138;138G1;119;39,22691192E;48,740366105N
138;138G2;230;39,22691192E;48,740366105N
138;138G3;340;39,22691192E;48,740366105N
144;144G1;0;40,030558377E;49,463568596N
144;144D6;270;40,030558377E;49,463568596N
145;145D4;120;38,167064934E;49,403499378N
145;145D5;180;38,167064934E;49,403499378N
145;145D6;300;38,167064934E;49,403499378N
168;168G1;0;38,176131059E;49,213971002N
168;168G2;80;38,176131059E;49,213971002N
168;168G3;170;38,176131059E;49,213971002N
168;168D5;80;38,176131059E;49,213971002N
182;182G1;70;39,094202657E;49,247607545N
182;182G2;160;39,094202657E;49,247607545N
182;182G3;300;39,094202657E;49,247607545N
183;183D4;100;39,237759646E;48,736170073N
183;183D5;240;39,237759646E;48,736170073N
183;183D6;355;39,237759646E;48,736170073N
185;185G2;140;38,941348377E;49,034080349N
185;185G3;350;38,941348377E;49,034080349N
185;185D4;70;38,941348377E;49,034080349N
185;185D5;140;38,941348377E;49,034080349N
185;185D6;350;38,941348377E;49,034080349N
225;225D4;0;38,918331267E;49,287501797N
225;225D5;130;38,918331267E;49,287501797N
225;225D6;240;38,918331267E;49,287501797N
226;226D4;90;38,918066918E;49,272758511N
226;226D5;175;38,918066918E;49,272758511N
226;226D6;270;38,918066918E;49,272758511N
228;228D4;60;38,905607679E;49,282220933N
228;228D5;150;38,905607679E;49,282220933N
228;228D6;300;38,905607679E;49,282220933N
244;244D4;90;38,702925399E;49,297646161N
244;244G2;160;38,702925399E;49,297646161N
244;244G3;320;38,702925399E;49,297646161N
249;249G1;120;38,457733849E;49,222067991N
249;249G2;260;38,457733849E;49,222067991N
249;249G3;340;38,457733849E;49,222067991N
249;249D4;120;38,457733849E;49,222067991N
249;249D5;260;38,457733849E;49,222067991N
249;249D6;340;38,457733849E;49,222067991N
271;271G1;60;40,039102922E;49,353282925N
271;271D5;140;40,039102922E;49,353282925N
271;271D6;240;40,039102922E;49,353282925N
280;280G1;50;38,621510694E;49,213707431N
280;280G2;125;38,621510694E;49,213707431N
280;280G3;220;38,621510694E;49,213707431N
401;401G1;85;38,461982512E;49,334087586N
401;401G2;170;38,461982512E;49,334087586N
401;401G3;359;38,461982512E;49,334087586N
407;407_GSM_1;50;39,120956185E;49,039735051N
407;407_GSM_2;140;39,120956185E;49,039735051N
407;407_GSM_3;270;39,120956185E;49,039735051N
414;414D4;0;39,48154187E;48,65179911N
414;414D5;160;39,48154187E;48,65179911N
415;415G1;0;38,818036547E;49,41998371N
415;415G2;180;38,818036547E;49,41998371N
415;415G3;270;38,818036547E;49,41998371N
416;416D6;310;39,002537733E;49,433493339N
416;416G1;30;39,002537733E;49,433493339N
416;416G2;200;39,002537733E;49,433493339N
423;423G1;0;39,265504486E;48,808500188N
423;423G2;110;39,265504486E;48,808500188N
423;423G3;180;39,265504486E;48,808500188N
424;424G1;30;38,591556E;49,115152N
424;424G2;190;38,591556E;49,115152N
424;424G3;260;38,591556E;49,115152N
424;424D4;30;38,591556E;49,115152N
444;444G1;20;39,150067971E;48,924178741N
444;444G2;160;39,150067971E;48,924178741N
444;444G3;275;39,150067971E;48,924178741N
520;520G1;0;39,133184683E;48,863783774N
520;520G2;160;39,133184683E;48,863783774N
525;525G1;0;38,963961963E;49,357426051N
525;525G2;200;38,963961963E;49,357426051N
525;525G3;280;38,963961963E;49,357426051N
526;526D4;50;38,900093082E;49,275874694N
526;526D5;170;38,900093082E;49,275874694N
526;526D6;280;38,900093082E;49,275874694N
527;527G1;5;39,518334547E;48,691267587N
527;527G2;140;39,518334547E;48,691267587N
527;527G3;250;39,518334547E;48,691267587N
528;528D4;40;38,895201601E;49,281033596N
528;528D5;160;38,895201601E;49,281033596N
528;528D6;280;38,895201601E;49,281033596N
529;529G1;80;39,037676138E;48,940660421N
529;529G2;170;39,037676138E;48,940660421N
529;529G3;315;39,037676138E;48,940660421N
533;533D4;90;38,295562196E;49,925262913N
533;533D5;190;38,295562196E;49,925262913N
533;533D6;310;38,295562196E;49,925262913N
536;536D4;0;38,91948772E;49,227531513N
536;536D5;180;38,91948772E;49,227531513N
536;536D6;290;38,91948772E;49,227531513N
536;536G2;180;38,91948772E;49,227531513N
536;536G1;0;38,91948772E;49,227531513N
536;536G3;290;38,91948772E;49,227531513N
545;545G1;0;38,157463778E;49,421662918N
545;545G2;90;38,157463778E;49,421662918N
545;545G3;250;38,157463778E;49,421662918N
580;580G1;70;38,723741257E;49,252281026N
580;580G2;260;38,723741257E;49,252281026N
LU1004;LU1004_2;240;39,176123631E;48,553028589N
LU1004;LU1004_3;320;39,176123631E;48,553028589N
LU1004;LU1004_1;118;39,176123631E;48,553028589N
LU1005;LU1005_1;55;39,704166667E;48,343888889N
LU1005;LU1005_3;255;39,704166667E;48,343888889N
LU1005;LU1005_2;155;39,704166667E;48,343888889N
LU1007;LU1007_1;75;39,402777778E;48,649166667N
LU1007;LU1007_2;170;39,402777778E;48,649166667N
LU1007;LU1007_3;335;39,402777778E;48,649166667N
LU1010;LU1010_1;100;39,329166667E;48,550555556N
LU1010;LU1010_2;215;39,329166667E;48,550555556N
LU1010;LU1010_3;345;39,329166667E;48,550555556N
LU1013;LU1013_1;120;39,332777778E;48,476666667N
LU1013;LU1013_2;300;39,332777778E;48,476666667N
LU1014;LU1014_1;80;39,276944444E;48,565555556N
LU1014;LU1014_2;190;39,276944444E;48,565555556N
LU1014;LU1014_3;310;39,276944444E;48,565555556N
LU1018;LU1818_2;160;39,298333333E;48,605555556N
LU1018;LU1818_3;309;39,298333333E;48,605555556N
LU1018;LU1018_1;90;39,298333333E;48,605555556N
LU1023;LU1023_1;15;39,276111111E;48,436944444N
LU1023;LU1023_2;205;39,276111111E;48,436944444N
LU1024;LU1024_1;0;39,312777778E;48,035277778N
LU1024;LU1024_3;210;39,312777778E;48,035277778N
LU1024;LU1024_2;120;39,312777778E;48,035277778N
LU1026;LU1026_1;0;39,382222222E;48,560277778N
LU1026;LU1026_2;100;39,382222222E;48,560277778N
LU1026;LU1026_3;210;39,382222222E;48,560277778N
LU1029;LU1029_1;120;38,835833333E;48,474166667N
LU1029;LU1029_2;240;38,835833333E;48,474166667N
LU1029;LU1029_3;350;38,835833333E;48,474166667N
LU1030;LU1030_2;260;39,254463889E;48,529005556N
LU1030;LU1030_1;41,4;39,254463889E;48,529005556N
LU1043;LU1043_1;69;39,358055556E;48,557777778N
LU1043;LU1043_2;180;39,358055556E;48,557777778N
LU1043;LU1043_3;305;39,358055556E;48,557777778N
LU1048;LU1048_1;70;38,925555556E;48,153055556N
LU1048;LU1048_2;175;38,925555556E;48,153055556N
LU1048;LU1048_3;315;38,925555556E;48,153055556N
LU1103;LU1103_1;15;38,776388889E;48,438055556N
LU1103;LU1103_2;100;38,776388889E;48,438055556N
LU1103;LU1103_3;225;38,776388889E;48,438055556N
LU1106;LU1106_1;130;38,660591667E;48,505558333N
LU1106;LU1106_2;230;38,660591667E;48,505558333N
LU1106;LU1106_3;355;38,660591667E;48,505558333N
LU1143;LU1143_1;55;39,026244444E;48,490969444N
LU1143;LU1143_3;275;39,026244444E;48,490969444N
LU1143;LU1143_2;190;39,026244444E;48,490969444N
LU1460;LU1460_1;70;39,145894444E;48,389066667N
LU1460;LU1460_2;180;39,145894444E;48,389066667N
LU1460;LU1460_3;310;39,145894444E;48,389066667N
LU1709;LU1709_1;90;39,303591667E;48,565177778N
LU1709;LU1709_2;210;39,303591667E;48,565177778N
LU1709;LU1709_3;330;39,303591667E;48,565177778N
LU1802;LU1802_1;15;39,316202778E;48,557794444N
LU1802;LU1802_2;141;39,316202778E;48,557794444N
LU1802;LU1802_3;245;39,316202778E;48,557794444N
LU1810;LU1810_1;100;39,329166667E;48,550555556N
LU1810;LU1810_2;215;39,329166667E;48,550555556N
LU1810;LU1810_3;345;39,329166667E;48,550555556N
LU1811;LU1811_1;35;39,650555556E;48,3475N
LU1811;LU1811_2;180;39,650555556E;48,3475N
LU1811;LU1811_3;277;39,650555556E;48,3475N
LU1812;LU1812_1;35;38,631666667E;48,546388889N
LU1812;LU1812_2;140;38,631666667E;48,546388889N
LU1812;LU1812_3;245;38,631666667E;48,546388889N
LU1817;LU1817_1;60;39,276388889E;48,540277778N
LU1817;LU1817_2;180;39,276388889E;48,540277778N
LU1817;LU1817_3;300;39,276388889E;48,540277778N
LU1820;LU1820_1;75;39,335708333E;48,553916667N
LU1820;LU1820_2;205;39,335708333E;48,553916667N
LU1820;LU1820_3;310;39,335708333E;48,553916667N
LU1822;LU1822_1;0;39,730833333E;48,320277778N
LU1822;LU1822_2;105;39,730833333E;48,320277778N
LU1822;LU1822_3;225;39,730833333E;48,320277778N
LU1825;LU1825_1;30;39,318055556E;48,570277778N
LU1825;LU1825_2;150;39,318055556E;48,570277778N
LU1825;LU1825_3;270;39,318055556E;48,570277778N
LU1826;LU1826_1;0;39,382222222E;48,560277778N
LU1826;LU1826_2;100;39,382222222E;48,560277778N
LU1826;LU1826_3;210;39,382222222E;48,560277778N
LU1827;LU1827_1;35;39,273358333E;48,529133333N
LU1827;LU1827_2;160;39,273358333E;48,529133333N
LU1827;LU1827_3;285;39,273358333E;48,529133333N
LU1828;LU1828_1;85;38,788858333E;48,478713889N
LU1828;LU1828_2;200;38,788858333E;48,478713889N
LU1828;LU1828_3;335;38,788858333E;48,478713889N
LU1830;LU1830_1;110;39,254477778E;48,529005556N
LU1830;LU1830_2;260;39,254477778E;48,529005556N
LU1831;LU1831_1;120;38,596388889E;48,595833333N
LU1831;LU1831_2;245;38,596388889E;48,595833333N
LU1831;LU1831_3;345;38,596388889E;48,595833333N
LU1841;LU1841_1;115;39,289444444E;48,5525N
LU1841;LU1841_2;215;39,289444444E;48,5525N
LU1841;LU1841_3;330;39,289444444E;48,5525N
LU1845;LU1845_1;50;39,400833333E;48,575277778N
LU1845;LU1845_2;170;39,400833333E;48,575277778N
LU1845;LU1845_3;275;39,400833333E;48,575277778N
LU1847;LU1847_1;75;38,633055556E;48,505277778N
LU1847;LU1847_2;205;38,633055556E;48,505277778N
LU1847;LU1847_3;325;38,633055556E;48,505277778N
LU1848;LU1848_1;70;38,925555556E;48,153055556N
LU1848;LU1848_2;175;38,925555556E;48,153055556N
LU1848;LU1848_3;315;38,925555556E;48,153055556N
LU1852;LU1852_1;5;38,811958333E;48,474613889N
LU1852;LU1852_2;135;38,811958333E;48,474613889N
LU1852;LU1852_3;255;38,811958333E;48,474613889N
LU1854;LU1854_3;295;39,664216667E;48,056783333N
LU1854;LU1854_2;170;39,664216667E;48,056783333N
LU1854;LU1854_1;65;39,664216667E;48,056783333N
LU1861;LU1861_1;0;38,592491667E;48,603694444N
LU1861;LU1861_2;130;38,592491667E;48,603694444N
LU1861;LU1861_3;240;38,592491667E;48,603694444N
LU1943;LU1943_1;55;39,026244444E;48,490969444N
LU1943;LU1943_2;190;39,026244444E;48,490969444N
LU1943;LU1943_3;275;39,026244444E;48,490969444N
LU1954;LU1954_1;70;39,64549624E;48,079482965N
LU1954;LU1954_2;175;39,64549624E;48,079482965N
LU1954;LU1954_3;300;39,64549624E;48,079482965N
LU1958;LU1958_1;90;39,745555556E;48,350833333N
LU1958;LU1958_2;240;39,745555556E;48,350833333N
LU1958;LU1958_3;320;39,745555556E;48,350833333N
LU2026;LU2026_1;100;39,026686111E;48,118522222N
LU2026;LU2026_2;220;39,026686111E;48,118522222N
LU2026;LU2026_3;310;39,026686111E;48,118522222N
LU2030;LU2030_1;114,4;38,783055556E;48,481388889N
LU2030;LU2030_2;220;38,783055556E;48,481388889N
LU2030;LU2030_3;330;38,783055556E;48,481388889N
LU2830;LU2830_1;90;38,783069444E;48,481383333N
LU2830;LU2830_2;220;38,783069444E;48,481383333N
LU2830;LU2830_3;330;38,783069444E;48,481383333N
LUG001;LUG001_1;73;39,316111111E;48,568055556N
LUG001;LUG001_2;180;39,316111111E;48,568055556N
LUG001;LUG001_3;320;39,316111111E;48,568055556N
LUG002;LUG002_1;30;39,269208333E;48,528080556N
LUG002;LUG002_2;155;39,269208333E;48,528080556N
LUG002;LUG002_3;220;39,269208333E;48,528080556N
LUG003;LUG003_1;20;39,260555556E;48,541944444N
LUG003;LUG003_2;135;39,260555556E;48,541944444N
LUG003;LUG003_3;210;39,260555556E;48,541944444N
LUG006;LUG006_1;100;39,376111111E;48,560555556N
LUG006;LUG006_2;240;39,376111111E;48,560555556N
LUG006;LUG006_3;350;39,376111111E;48,560555556N
LUG007;LUG007_1;50;39,341666667E;48,535833333N
LUG007;LUG007_2;160;39,341666667E;48,535833333N
LUG007;LUG007_3;290;39,341666667E;48,535833333N
LUG008;LUG008_1;90;39,288888889E;48,575555556N
LUG008;LUG008_2;210;39,288888889E;48,575555556N
LUG008;LUG008_3;325;39,288888889E;48,575555556N
LUG009;LUG009_1;75;39,308644444E;48,574025N
LUG009;LUG009_2;210;39,308644444E;48,574025N
LUG009;LUG009_3;330;39,308644444E;48,574025N
LUG011;LUG011_1;0;39,395277778E;48,565555556N
LUG011;LUG011_2;120;39,395277778E;48,565555556N
LUG011;LUG011_3;240;39,395277778E;48,565555556N
LUG012;LUG012_1;48;39,358005556E;48,505005556N
LUG012;LUG012_2;162;39,358005556E;48,505005556N
LUG012;LUG012_3;270;39,358005556E;48,505005556N
LUG013;LUG013_1;70;39,302613889E;48,567572222N
LUG013;LUG013_2;215;39,302613889E;48,567572222N
LUG013;LUG013_3;300;39,302613889E;48,567572222N
LUG015;LUG015_1;90;39,346388889E;48,566388889N
LUG015;LUG015_2;206;39,346388889E;48,566388889N
LUG015;LUG015_3;336;39,346388889E;48,566388889N
LUG016;LUG016_1;75;39,319166667E;48,590277778N
LUG016;LUG016_3;330;39,319166667E;48,590277778N
LUG016;LUG016_2;217;39,319166667E;48,590277778N
LUG017;LUG017_1;100;39,332247222E;48,580222222N
LUG017;LUG017_2;215;39,332247222E;48,580222222N
LUG017;LUG017_3;313;39,332247222E;48,580222222N
LUG018;LUG018_1;45;39,292761111E;48,541672222N
LUG018;LUG018_2;110;39,292761111E;48,541672222N
LUG018;LUG018_3;290;39,292761111E;48,541672222N
LUG019;LUG019_1;60;39,293055556E;48,52N
LUG019;LUG019_2;187;39,293055556E;48,52N
LUG019;LUG019_3;300;39,293055556E;48,52N
LUG020;LUG020_1;0;39,213888889E;48,561944444N
LUG020;LUG020_2;120;39,213888889E;48,561944444N
LUG020;LUG020_3;250;39,213888889E;48,561944444N
LUG021;LUG021_1;90;39,401666667E;48,578055556N
LUG021;LUG021_2;210;39,401666667E;48,578055556N
LUG021;LUG021_3;325;39,401666667E;48,578055556N
LUG022;LUG022_1;94;39,296666667E;48,556666667N
LUG022;LUG022_2;214;39,296666667E;48,556666667N
LUG022;LUG022_3;326;39,296666667E;48,556666667N
LUG023;LUG023_1;90;39,301666667E;48,585555556N
LUG023;LUG023_2;210;39,301666667E;48,585555556N
LUG023;LUG023_3;330;39,301666667E;48,585555556N
LUG024;LUG024_1;20;39,371963889E;48,569763889N
LUG024;LUG024_2;130;39,371963889E;48,569763889N
LUG024;LUG024_3;270;39,371963889E;48,569763889N
LUG025;LUG025_1;90;39,388888889E;48,5725N
LUG025;LUG025_2;210;39,388888889E;48,5725N
LUG025;LUG025_3;300;39,388888889E;48,5725N
LUG027;LUG027_1;94;39,381388889E;48,583055556N
LUG027;LUG027_2;205;39,381388889E;48,583055556N
LUG027;LUG027_3;326;39,381388889E;48,583055556N
LUG028;LUG028_1;95;38,884077778E;48,508519444N
LUG028;LUG028_2;170;38,884077778E;48,508519444N
LUG028;LUG028_3;255;38,884077778E;48,508519444N
LUG029;LUG029_1;90;38,791061111E;48,469413889N
LUG029;LUG029_2;210;38,791061111E;48,469413889N
LUG029;LUG029_3;330;38,791061111E;48,469413889N
LUG031;LUG031_1;73;38,838055556E;48,465833333N
LUG031;LUG031_2;278;38,838055556E;48,465833333N
LUG031;LUG031_3;350;38,838055556E;48,465833333N
LUG035;LUG035_1;40;38,645441667E;48,635636111N
LUG035;LUG035_2;155;38,645441667E;48,635636111N
LUG035;LUG035_3;290;38,645441667E;48,635636111N
LUG036;LUG036_1;0;38,9725E;48,7N
LUG036;LUG036_2;120;38,9725E;48,7N
LUG036;LUG036_3;240;38,9725E;48,7N
LUG044;LUG044_1;90;39,245277778E;48,065833333N
LUG044;LUG044_2;215;39,245277778E;48,065833333N
LUG044;LUG044_3;330;39,245277778E;48,065833333N
LUG045;LUG045_1;60;38,628055556E;48,643055556N
LUG045;LUG045_2;180;38,628055556E;48,643055556N
LUG045;LUG045_3;310;38,628055556E;48,643055556N
LUG049;LUG049_1;120;38,654863889E;48,628997222N
LUG049;LUG049_2;220;38,654863889E;48,628997222N
LUG049;LUG049_3;330;38,654863889E;48,628997222N
LUG061;LUG061_1;29;39,399147222E;48,561530556N
LUG061;LUG061_2;120;39,399147222E;48,561530556N
LUG061;LUG061_3;270;39,399147222E;48,561530556N
LUG090;LUG090_2;205;39,415411111E;48,5763N
LUG090;LUG090_3;280;39,415411111E;48,5763N
LUG090;LUG090_1;45;39,415411111E;48,5763N
LUG096;LUG096_1;80;38,511388889E;48,627222222N
LUG096;LUG096_2;240;38,511388889E;48,627222222N
LUG096;LUG096_3;330;38,511388889E;48,627222222N
LUG100;LUG100_1;115;38,521388889E;48,626666667N
LUG100;LUG100_2;240;38,521388889E;48,626666667N
LUG100;LUG100_3;350;38,521388889E;48,626666667N
LUG101;LUG101_1;95;38,634444444E;48,552777778N
LUG101;LUG101_2;160;38,634444444E;48,552777778N
LUG101;LUG101_3;320;38,634444444E;48,552777778N
LUG105;LUG105_1;10;38,524166667E;48,314166667N
LUG105;LUG105_2;130;38,524166667E;48,314166667N
LUG105;LUG105_3;255;38,524166667E;48,314166667N
LUG106;LUG106_1;130;38,660277778E;48,505555556N
LUG106;LUG106_2;230;38,660277778E;48,505555556N
LUG106;LUG106_3;355;38,660277778E;48,505555556N
LUG111;LUG111_1;90;38,818055556E;48,436666667N
LUG111;LUG111_2;210;38,818055556E;48,436666667N
LUG111;LUG111_3;330;38,818055556E;48,436666667N
LUG112;LUG112_1;0;39,423055556E;48,511666667N
LUG112;LUG112_2;120;39,423055556E;48,511666667N
LUG112;LUG112_3;240;39,423055556E;48,511666667N
LUG113;LUG113_1;90;39,518447222E;48,482147222N
LUG113;LUG113_2;175;39,518447222E;48,482147222N
LUG113;LUG113_3;302,7;39,518447222E;48,482147222N
LUG114;LUG114_1;90;38,817777778E;48,4525N
LUG114;LUG114_2;210;38,817777778E;48,4525N
LUG114;LUG114_3;330;38,817777778E;48,4525N
LUG115;LUG115_1;45;39,710555556E;48,569166667N
LUG115;LUG115_2;160;39,710555556E;48,569166667N
LUG115;LUG115_3;290;39,710555556E;48,569166667N
LUG116;LUG116_1;90;38,660833333E;48,580555556N
LUG116;LUG116_2;210;38,660833333E;48,580555556N
LUG116;LUG116_3;340;38,660833333E;48,580555556N
LUG130;LUG130_1;55;39,205277778E;48,405555556N
LUG130;LUG130_2;150;39,205277778E;48,405555556N
LUG130;LUG130_3;255;39,205277778E;48,405555556N
LUG135;LUG135_1;30;38,638888889E;48,414166667N
LUG135;LUG135_2;165;38,638888889E;48,414166667N
LUG135;LUG135_3;285;38,638888889E;48,414166667N
LUG135;LUG935_1;0;38,638888889E;48,414166667N
LUG135;LUG935_2;120;38,638888889E;48,414166667N
LUG135;LUG935_3;240;38,638888889E;48,414166667N
LUG139;LUG139_1;100;39,494166667E;48,0725N
LUG139;LUG139_2;220;39,494166667E;48,0725N
LUG139;LUG139_3;310;39,494166667E;48,0725N
LUG141;LUG141_1;30;38,935277778E;48,235N
LUG141;LUG141_2;140;38,935277778E;48,235N
LUG141;LUG141_3;240;38,935277778E;48,235N
LUG142;LUG142_1;60;39,030277778E;48,555555556N
LUG142;LUG142_2;180;39,030277778E;48,555555556N
LUG142;LUG142_3;300;39,030277778E;48,555555556N
LUG146;LUG146_1;10;38,906666667E;48,150833333N
LUG146;LUG146_2;120;38,906666667E;48,150833333N
LUG146;LUG146_3;240;38,906666667E;48,150833333N
LUG147;LUG147_1;10;38,93E;48,135277778N
LUG147;LUG147_2;150;38,93E;48,135277778N
LUG147;LUG147_3;240;38,93E;48,135277778N
LUG148;LUG148_1;92;38,883055556E;48,304444444N
LUG148;LUG148_2;190;38,883055556E;48,304444444N
LUG148;LUG148_3;310;38,883055556E;48,304444444N
LUG149;LUG149_1;60;38,830277778E;48,173055556N
LUG149;LUG149_2;160;38,830277778E;48,173055556N
LUG149;LUG149_3;320;38,830277778E;48,173055556N
LUG150;LUG150_1;120;38,963055556E;48,156388889N
LUG150;LUG150_2;210;38,963055556E;48,156388889N
LUG150;LUG150_3;290;38,963055556E;48,156388889N
LUG151;LUG151_2;120;38,933055556E;48,149444444N
LUG151;LUG151_3;240;38,933055556E;48,149444444N
LUG151;LUG151_1;10;38,933055556E;48,149444444N
LUG152;LUG152_1;40;39,085E;48,124444444N
LUG152;LUG152_2;150;39,085E;48,124444444N
LUG152;LUG152_3;250;39,085E;48,124444444N
LUG153;LUG153_1;120;39,405361111E;48,073588889N
LUG153;LUG153_2;250;39,405361111E;48,073588889N
LUG153;LUG153_3;330;39,405361111E;48,073588889N
LUG154;LUG154_1;70;39,645602778E;48,079427778N
LUG154;LUG154_2;175;39,645602778E;48,079427778N
LUG154;LUG154_3;300;39,645602778E;48,079427778N
LUG155;LUG155_1;100;39,7375E;48,292777778N
LUG155;LUG155_2;185;39,7375E;48,292777778N
LUG155;LUG155_3;330;39,7375E;48,292777778N
LUG156;LUG156_2;210;39,586388889E;48,380555556N
LUG156;LUG156_3;325;39,586388889E;48,380555556N
LUG156;LUG156_1;115;39,586388889E;48,380555556N
LUG157;LUG157_1;30;39,345555556E;48,111944444N
LUG157;LUG157_2;145;39,345555556E;48,111944444N
LUG157;LUG157_3;280;39,345555556E;48,111944444N
LUG158;LUG158_1;30;39,734166667E;48,351666667N
LUG158;LUG158_2;140;39,734166667E;48,351666667N
LUG158;LUG158_3;250;39,734166667E;48,351666667N
LUG159;LUG159_1;10;39,589444444E;47,866944444N
LUG159;LUG159_2;110;39,589444444E;47,866944444N
LUG159;LUG159_3;280;39,589444444E;47,866944444N
LUG160;LUG160_1;100;39,718267174E;48,309580211N
LUG160;LUG160_2;190;39,718267174E;48,309580211N
LUG160;LUG160_3;345;39,718267174E;48,309580211N
LUG161;LUG161_1;100;39,575277778E;48,3125N
LUG161;LUG161_2;200;39,575277778E;48,3125N
LUG161;LUG161_3;300;39,575277778E;48,3125N
LUG162;LUG162_1;105;39,685833333E;48,075N
LUG162;LUG162_2;210;39,685833333E;48,075N
LUG162;LUG162_3;350;39,685833333E;48,075N
LUG163;LUG163_1;95;39,81E;48,063055556N
LUG163;LUG163_2;215;39,81E;48,063055556N
LUG163;LUG163_3;335;39,81E;48,063055556N
LUG164;LUG164_1;60;39,651666667E;48,065833333N
LUG164;LUG164_2;200;39,651666667E;48,065833333N
LUG164;LUG164_3;300;39,651666667E;48,065833333N
LUG165;LUG165_1;60;39,660277778E;48,366666667N
LUG165;LUG165_2;180;39,660277778E;48,366666667N
LUG165;LUG165_3;300;39,660277778E;48,366666667N
LUG166;LUG166_1;115;38,528055556E;48,633055556N
LUG166;LUG166_2;240;38,528055556E;48,633055556N
LUG166;LUG166_3;350;38,528055556E;48,633055556N
LUG166;166D4;114;38,528055556E;48,633055556N
LUG166;166D5;240;38,528055556E;48,633055556N
LUG166;166D6;350;38,528055556E;48,633055556N
LUG167;LUG167_1;90;39,789166667E;48,076388889N
LUG167;LUG167_2;210;39,789166667E;48,076388889N
LUG167;LUG167_3;330;39,789166667E;48,076388889N
LUG169;LUG169_1;120;39,733333333E;47,963333333N
LUG169;LUG169_2;230;39,733333333E;47,963333333N
LUG169;LUG169_3;340;39,733333333E;47,963333333N
LUG171;LUG171_1;90;38,621666667E;48,536666667N
LUG171;LUG171_2;230;38,621666667E;48,536666667N
LUG171;LUG171_3;330;38,621666667E;48,536666667N
LUG172;LUG172_1;80;38,616666667E;48,582777778N
LUG172;LUG172_2;160;38,616666667E;48,582777778N
LUG172;LUG172_3;320;38,616666667E;48,582777778N
LUG173;LUG173_1;90;38,655833333E;48,563888889N
LUG173;LUG173_2;215;38,655833333E;48,563888889N
LUG173;LUG173_3;335;38,655833333E;48,563888889N
LUG174;LUG174_1;350;38,634444444E;48,496666667N
LUG174;LUG174_2;120;38,634444444E;48,496666667N
LUG174;LUG174_3;240;38,634444444E;48,496666667N
LUG175;LUG175_1;25;38,639166667E;48,559166667N
LUG175;LUG175_2;130;38,639166667E;48,559166667N
LUG175;LUG175_3;270;38,639166667E;48,559166667N
LUG176;LUG176_1;0;38,591291667E;48,606163889N
LUG176;LUG176_2;120;38,591291667E;48,606163889N
LUG176;LUG176_3;290;38,591291667E;48,606163889N
LUG177;LUG177_1;125;38,684444444E;48,499166667N
LUG177;LUG177_2;245;38,684444444E;48,499166667N
LUG177;LUG177_3;355;38,684444444E;48,499166667N
LUG178;LUG178_1;110;38,641436111E;48,507066667N
LUG178;LUG178_2;260;38,641436111E;48,507066667N
LUG178;LUG178_3;350;38,641436111E;48,507066667N
LUG179;LUG179_1;120;39,124913889E;48,177711111N
LUG179;LUG179_3;340;39,124913889E;48,177711111N
LUG180;LUG180_1;40;39,114147222E;48,646702778N
LUG180;LUG180_3;340;39,114147222E;48,646702778N
LUG180;LUG180_2;270;39,114147222E;48,646702778N
LUG181;LUG181_1;120;38,975833333E;48,691666667N
LUG181;LUG181_2;240;38,975833333E;48,691666667N
LUG181;LUG181_3;330;38,975833333E;48,691666667N
LUG190;LUG190_1;0;39,163547222E;48,088647222N
LUG190;LUG190_2;180;39,163547222E;48,088647222N
LUG190;LUG190_3;240;39,163547222E;48,088647222N
LUG198;LUG198_1;15;39,787391667E;48,080766667N
LUG198;LUG198_2;120;39,787391667E;48,080766667N
LUG198;LUG198_3;240;39,787391667E;48,080766667N
LUG203;LUG203_1;90;39,394166667E;48,584444444N
LUG203;LUG203_2;210;39,394166667E;48,584444444N
LUG203;LUG203_3;330;39,394166667E;48,584444444N
LUG203;LUG703_1;90;39,394166667E;48,584444444N
LUG203;LUG703_2;210;39,394166667E;48,584444444N
LUG203;LUG703_3;330;39,394166667E;48,584444444N
LUG204;LUG204_1;90;39,188888889E;48,586666667N
LUG204;LUG204_2;210;39,188888889E;48,586666667N
LUG204;LUG204_3;330;39,188888889E;48,586666667N
LUG205;LUG205_1;120;39,309159535E;48,578252779N
LUG205;LUG205_2;230;39,309159535E;48,578252779N
LUG205;LUG205_3;340;39,309159535E;48,578252779N
LUG211;LUG211_2;203;39,271388889E;48,581666667N
LUG211;LUG211_1;84;39,271388889E;48,581666667N
LUG211;LUG211_3;355;39,271388889E;48,581666667N
LUG213;LUG213_1;85;39,270833333E;48,554166667N
LUG213;LUG213_2;210;39,270833333E;48,554166667N
LUG213;LUG213_3;330;39,270833333E;48,554166667N
LUG229;LUG229_1;95;38,807777778E;48,467777778N
LUG229;LUG229_3;330;38,807777778E;48,467777778N
LUG229;LUG229_2;210;38,807777778E;48,467777778N
LUG230;LUG230_1;90;38,919166667E;48,454166667N
LUG230;LUG230_2;210;38,919166667E;48,454166667N
LUG230;LUG230_3;340;38,919166667E;48,454166667N
LUG232;LUG232_1;105;38,824988889E;48,466241667N
LUG232;LUG232_2;225;38,824988889E;48,466241667N
LUG232;LUG232_3;330;38,824988889E;48,466241667N
LUG233;LUG233_1;30;38,811111111E;48,454533333N
LUG233;LUG233_2;120;38,811111111E;48,454533333N
LUG233;LUG233_3;240;38,811111111E;48,454533333N
LUG234;LUG234_1;80;38,840380556E;48,462747222N
LUG234;LUG234_2;240;38,840380556E;48,462747222N
LUG234;LUG234_3;330;38,840380556E;48,462747222N
LUG235;LUG235_1;75;38,776938889E;48,487741667N
LUG235;LUG235_2;285;38,776938889E;48,487741667N
LUG235;LUG235_3;355;38,776938889E;48,487741667N
LUG237;LUG237_1;50;39,835277778E;48,3425N
LUG237;LUG237_2;150;39,835277778E;48,3425N
LUG237;LUG237_3;250;39,835277778E;48,3425N
LUG239;LUG239_1;30;38,785188889E;48,456691667N
LUG239;LUG239_2;120;38,785188889E;48,456691667N
LUG239;LUG239_3;240;38,785188889E;48,456691667N
LUG241;LUG241_1;50;39,360792E;47,951166N
LUG241;LUG241_2;250;39,360792E;47,951166N
LUG241;LUG241_3;330;39,360792E;47,951166N
LUG245;LUG245_1;75;39,786068461E;48,270306485N
LUG245;LUG245_2;280;39,786068461E;48,270306485N
LUG245;LUG245_3;355;39,786068461E;48,270306485N
LUG250;LUG250_1;10;38,951388889E;48,135833333N
LUG250;LUG250_2;130;38,951388889E;48,135833333N
LUG250;LUG250_3;250;38,951388889E;48,135833333N
LUG251;LUG251_1;45;39,104166667E;48,106666667N
LUG251;LUG251_2;160;39,104166667E;48,106666667N
LUG251;LUG251_3;280;39,104166667E;48,106666667N
LUG252;LUG252_1;0;39,090866667E;48,116141667N
LUG252;LUG252_2;154;39,090866667E;48,116141667N
LUG252;LUG252_3;236;39,090866667E;48,116141667N
LUG253;LUG253_1;100;39,439166667E;48,0475N
LUG253;LUG253_2;220;39,439166667E;48,0475N
LUG253;LUG253_3;340;39,439166667E;48,0475N
LUG254;LUG254_1;358;39,650555556E;48,050277778N
LUG254;LUG254_2;84;39,650555556E;48,050277778N
LUG254;LUG254_3;300;39,650555556E;48,050277778N
LUG255;LUG255_1;90;39,744444444E;48,286666667N
LUG255;LUG255_2;200;39,744444444E;48,286666667N
LUG255;LUG255_3;320;39,744444444E;48,286666667N
LUG256;LUG256_1;20;39,054166667E;48,089166667N
LUG256;LUG256_2;140;39,054166667E;48,089166667N
LUG256;LUG256_3;260;39,054166667E;48,089166667N
LUG257;LUG257_1;0;39,373055556E;48,085N
LUG257;LUG257_2;115;39,373055556E;48,085N
LUG257;LUG257_3;240;39,373055556E;48,085N
LUG263;LUG263_1;120;39,627777778E;48,096305556N
LUG263;LUG263_2;220;39,627777778E;48,096305556N
LUG263;LUG263_3;330;39,627777778E;48,096305556N
LUG264;LUG264_1;90;39,670555556E;48,077777778N
LUG264;LUG264_2;210;39,670555556E;48,077777778N
LUG264;LUG264_3;330;39,670555556E;48,077777778N
LUG265;LUG265_2;120;38,9325E;48,163055556N
LUG265;LUG265_3;240;38,9325E;48,163055556N
LUG265;LUG265_1;0;38,9325E;48,163055556N
LUG266;LUG266_2;240;38,535912593E;48,625853688N
LUG266;LUG266_1;115;38,535912593E;48,625853688N
LUG266;LUG266_3;350;38,535912593E;48,625853688N
LUG267;LUG267_1;0;38,943847222E;48,121488889N
LUG267;LUG267_2;120;38,943847222E;48,121488889N
LUG267;LUG267_3;240;38,943847222E;48,121488889N
LUG274;LUG274_1;80;39,650941667E;48,048169444N
LUG274;LUG274_2;160;39,650941667E;48,048169444N
LUG274;LUG274_3;255;39,650941667E;48,048169444N
LUG276;LUG276_1;30;38,548855556E;48,4464N
LUG276;LUG276_2;140;38,548855556E;48,4464N
LUG276;LUG276_3;240;38,548855556E;48,4464N
LUG279;LUG279_1;60;39,458277778E;48,117088889N
LUG279;LUG279_2;150;39,458277778E;48,117088889N
LUG279;LUG279_3;330;39,458277778E;48,117088889N
LUG282;LUG282_1;90;38,853695E;48,428355N
LUG282;LUG282_2;175;38,853695E;48,428355N
LUG282;LUG282_3;310;38,853695E;48,428355N
LUG284;LUG284_1;35;38,676894444E;48,517866667N
LUG284;LUG284_2;165;38,676894444E;48,517866667N
LUG284;LUG284_3;250;38,676894444E;48,517866667N
LUG304;LUG304_1;0;39,400833333E;48,585277778N
LUG306;LUG306_1;180;39,309619444E;48,569058333N
LUG309;LUG309_1;174;39,301122222E;48,576277778N
LUG402;LUG402_1;25;39,277777778E;48,620555556N
LUG402;LUG402_2;135;39,277777778E;48,620555556N
LUG402;LUG402_3;250;39,277777778E;48,620555556N
LUG408;LUG408_1;90;38,553333333E;48,664166667N
LUG408;LUG408_2;210;38,553333333E;48,664166667N
LUG408;LUG408_3;330;38,553333333E;48,664166667N
LUG409;LUG409_1;120;38,761388889E;48,665555556N
LUG409;LUG409_2;210;38,761388889E;48,665555556N
LUG409;LUG409_3;310;38,761388889E;48,665555556N
LUG410;LUG410_1;0;38,940277778E;48,577544444N
LUG410;LUG410_3;300;38,940277778E;48,577544444N
LUG410;LUG410_2;90;38,940277778E;48,577544444N
LUG411;LUG411_1;10;38,724166667E;48,440277778N
LUG411;LUG411_2;130;38,724166667E;48,440277778N
LUG411;LUG411_3;255;38,724166667E;48,440277778N
LUG412;LUG412_1;30;39,523055556E;48,588055556N
LUG412;LUG412_2;150;39,523055556E;48,588055556N
LUG412;LUG412_3;270;39,523055556E;48,588055556N
LUG449;LUG449_1;90;39,476388889E;48,0025N
LUG449;LUG449_2;200;39,476388889E;48,0025N
LUG449;LUG449_3;290;39,476388889E;48,0025N
LUG450;LUG450_3;250;39,090555556E;48,246388889N
LUG450;LUG450_1;20;39,090555556E;48,246388889N
LUG450;LUG450_2;140;39,090555556E;48,246388889N
LUG451;LUG451_1;70;39,185277778E;48,156666667N
LUG451;LUG451_2;155;39,185277778E;48,156666667N
LUG451;LUG451_3;285;39,185277778E;48,156666667N
LUG452;LUG452_1;111;38,536666667E;48,381388889N
LUG452;LUG452_2;245;38,536666667E;48,381388889N
LUG452;LUG452_3;340;38,536666667E;48,381388889N
LUG453;LUG453_1;70;39,563055556E;48,078333333N
LUG453;LUG453_2;200;39,563055556E;48,078333333N
LUG453;LUG453_3;290;39,563055556E;48,078333333N
LUG454;LUG454_1;10;38,578888889E;48,519166667N
LUG454;LUG454_2;120;38,578888889E;48,519166667N
LUG454;LUG454_3;250;38,578888889E;48,519166667N
LUG455;LUG455_1;350;38,5175E;48,565N
LUG455;LUG455_2;120;38,5175E;48,565N
LUG455;LUG455_3;240;38,5175E;48,565N
LUG456;LUG456_1;40;39,679166667E;48,305833333N
LUG456;LUG456_2;140;39,679166667E;48,305833333N
LUG456;LUG456_3;300;39,679166667E;48,305833333N
LUG457;LUG457_2;120;39,668055556E;48,126388889N
LUG457;LUG457_3;230;39,668055556E;48,126388889N
LUG457;LUG457_1;0;39,668055556E;48,126388889N
LUG458;LUG458_1;30;38,880833333E;48,090555556N
LUG458;LUG458_2;150;38,880833333E;48,090555556N
LUG458;LUG458_3;270;38,880833333E;48,090555556N
LUG459;LUG459_1;90;39,592777778E;48,0175N
LUG459;LUG459_2;210;39,592777778E;48,0175N
LUG459;LUG459_3;330;39,592777778E;48,0175N
LUG461;LUG461_1;40;39,094166667E;48,446666667N
LUG461;LUG461_2;155;39,094166667E;48,446666667N
LUG461;LUG461_3;270;39,094166667E;48,446666667N
LUG462;LUG462_1;60;39,067777778E;48,015833333N
LUG462;LUG462_2;160;39,067777778E;48,015833333N
LUG462;LUG462_3;310;39,067777778E;48,015833333N
LUG463;LUG463_1;350;38,613055556E;48,273055556N
LUG463;LUG463_2;110;38,613055556E;48,273055556N
LUG463;LUG463_3;225;38,613055556E;48,273055556N
LUG464;LUG464_1;90;38,643055556E;48,310277778N
LUG464;LUG464_2;240;38,643055556E;48,310277778N
LUG464;LUG464_3;340;38,643055556E;48,310277778N
LUG465;LUG465_1;40;39,015277778E;48,316944444N
LUG465;LUG465_2;160;39,015277778E;48,316944444N
LUG465;LUG465_3;270;39,015277778E;48,316944444N
LUG466;LUG466_1;0;39,190833333E;48,295833333N
LUG466;LUG466_2;130;39,190833333E;48,295833333N
LUG466;LUG466_3;245;39,190833333E;48,295833333N
LUG467;LUG467_1;100;39,285E;48,356944444N
LUG467;LUG467_2;190;39,285E;48,356944444N
LUG467;LUG467_3;340;39,285E;48,356944444N
LUG468;LUG468_1;0;39,431388889E;48,333888889N
LUG468;LUG468_2;120;39,431388889E;48,333888889N
LUG468;LUG468_3;280;39,431388889E;48,333888889N
LUG469;LUG469_1;100;38,666666667E;48,228888889N
LUG469;LUG469_2;200;38,666666667E;48,228888889N
LUG469;LUG469_3;315;38,666666667E;48,228888889N
LUG470;LUG470_1;0;38,719083333E;48,224561111N
LUG470;LUG470_2;110;38,719083333E;48,224561111N
LUG470;LUG470_3;210;38,719083333E;48,224561111N
LUG471;LUG471_1;96,3;39,144166667E;47,948888889N
LUG471;LUG471_2;180;39,144166667E;47,948888889N
LUG471;LUG471_3;300;39,144166667E;47,948888889N
LUG472;LUG472_1;355;39,594444444E;48,2775N
LUG472;LUG472_2;100;39,594444444E;48,2775N
LUG472;LUG472_3;260;39,594444444E;48,2775N
LUG473;LUG473_1;30;39,025833333E;48,0475N
LUG473;LUG473_2;150;39,025833333E;48,0475N
LUG473;LUG473_3;270;39,025833333E;48,0475N
LUG479;LUG479_1;105;39,3025E;48,671388889N
LUG479;LUG479_2;252;39,3025E;48,671388889N
LUG479;LUG479_3;341,9;39,3025E;48,671388889N
LUG484;LUG484_1;20;38,756944444E;48,139166667N
LUG484;LUG484_2;120;38,756944444E;48,139166667N
LUG484;LUG484_3;270;38,756944444E;48,139166667N
LUG485;LUG485_1;30;38,799444444E;48,150833333N
LUG485;LUG485_2;150;38,799444444E;48,150833333N
LUG485;LUG485_3;270;38,799444444E;48,150833333N
LUG486;LUG486_1;130;39,750697222E;47,858013889N
LUG486;LUG486_2;280;39,750697222E;47,858013889N
LUG486;LUG486_3;350;39,750697222E;47,858013889N
LUG487;LUG487_1;90;39,508333333E;47,883333333N
LUG487;LUG487_2;230;39,508333333E;47,883333333N
LUG487;LUG487_3;310;39,508333333E;47,883333333N
LUG488;LUG488_1;0;38,794444444E;48,394166667N
LUG488;LUG488_2;120;38,794444444E;48,394166667N
LUG488;LUG488_3;255;38,794444444E;48,394166667N
LUG489;LUG489_3;300;38,806822222E;48,433997222N
LUG489;LUG489_2;180;38,806822222E;48,433997222N
LUG490;LUG490_1;10;38,881944444E;48,559166667N
LUG490;LUG490_2;120;38,881944444E;48,559166667N
LUG490;LUG490_3;240;38,881944444E;48,559166667N
LUG495;LUG495_1;0;39,881757126E;48,427937561N
LUG495;LUG495_2;150;39,881757126E;48,427937561N
LUG495;LUG495_3;220;39,881757126E;48,427937561N
LUG496;LUG496_1;160;39,902661111E;48,287713889N
LUG496;LUG496_2;245;39,902661111E;48,287713889N
LUG496;LUG496_3;310;39,902661111E;48,287713889N
LUG498;LUG498_1;40;39,201388889E;48,392777778N
LUG498;LUG498_2;145;39,201388889E;48,392777778N
LUG498;LUG498_3;270;39,201388889E;48,392777778N
LUG610;LUG610_1;0;38,940291667E;48,577555556N
LUG610;LUG610_2;90;38,940291667E;48,577555556N
LUG610;LUG610_3;300;38,940291667E;48,577555556N
LUG635;LUG635_1;90;38,645494444E;48,635769444N
LUG635;LUG635_2;210;38,645494444E;48,635769444N
LUG635;LUG635_3;330;38,645494444E;48,635769444N
LUG650;LUG650_1;20;39,090555556E;48,246388889N
LUG650;LUG650_2;140;39,090555556E;48,246388889N
LUG650;LUG650_3;250;39,090555556E;48,246388889N
LUG653;LUG653_1;70;39,563055556E;48,078333333N
LUG653;LUG653_2;200;39,563055556E;48,078333333N
LUG653;LUG653_3;290;39,563055556E;48,078333333N
LUG657;LUG657_1;0;39,668055556E;48,126388889N
LUG657;LUG657_2;120;39,668055556E;48,126388889N
LUG657;LUG657_3;230;39,668055556E;48,126388889N
LUG659;LUG659_1;90;39,592777778E;48,0175N
LUG659;LUG659_2;210;39,592777778E;48,0175N
LUG659;LUG659_3;330;39,592777778E;48,0175N
LUG682;LUG682_1;0;39,3536E;48,071944444N
LUG682;LUG682_2;120;39,3536E;48,071944444N
LUG682;LUG682_3;240;39,3536E;48,071944444N
LUG683;LUG683_1;0;39,73E;48,296666667N
LUG683;LUG683_2;120;39,73E;48,296666667N
LUG683;LUG683_3;240;39,73E;48,296666667N
LUG689;LUG689_1;40;38,806822222E;48,433997222N
LUG689;LUG689_2;180;38,806822222E;48,433997222N
LUG689;LUG689_3;300;38,806822222E;48,433997222N
LUG698;LUG698_1;40;39,201388889E;48,392777778N
LUG698;LUG698_2;145;39,201388889E;48,392777778N
LUG698;LUG698_3;270;39,201388889E;48,392777778N
LUG701;LUG701_1;40;39,254136111E;48,558433333N
LUG701;LUG701_2;155;39,254136111E;48,558433333N
LUG701;LUG701_3;285;39,254136111E;48,558433333N
LUG702;LUG702_1;80;39,288055556E;48,565555556N
LUG702;LUG702_2;200;39,288055556E;48,565555556N
LUG702;LUG702_3;335;39,288055556E;48,565555556N
LUG704;LUG704_1;90;39,325083333E;48,568591667N
LUG704;LUG704_2;210;39,325083333E;48,568591667N
LUG704;LUG704_3;339;39,325083333E;48,568591667N
LUG705;LUG705_1;80;39,331388889E;48,558055556N
LUG705;LUG705_2;210;39,331388889E;48,558055556N
LUG705;LUG705_3;325;39,331388889E;48,558055556N
LUG706;LUG706_1;40;39,299588225E;48,566870768N
LUG706;LUG706_2;200;39,299588225E;48,566870768N
LUG706;LUG706_3;320;39,299588225E;48,566870768N
LUG707;LUG707_1;55;39,319166667E;48,541944444N
LUG707;LUG707_2;140;39,319166667E;48,541944444N
LUG707;LUG707_3;260;39,319166667E;48,541944444N
LUG708;LUG708_1;15;39,249166667E;48,562777778N
LUG708;LUG708_2;117;39,249166667E;48,562777778N
LUG708;LUG708_3;275;39,249166667E;48,562777778N
LUG709;LUG709_1;90;39,308627778E;48,564436111N
LUG709;LUG709_2;210;39,308627778E;48,564436111N
LUG709;LUG709_3;330;39,308627778E;48,564436111N
LUG710;LUG710_1;60;39,308233333E;48,570977778N
LUG710;LUG710_2;200;39,308233333E;48,570977778N
LUG710;LUG710_3;319;39,308233333E;48,570977778N
LUG714;LUG714_1;80;39,358755556E;48,526811111N
LUG714;LUG714_2;190,5;39,358755556E;48,526811111N
LUG714;LUG714_3;328;39,358755556E;48,526811111N
LUG715;LUG715_1;90;39,300277778E;48,579444444N
LUG715;LUG715_2;210;39,300277778E;48,579444444N
LUG715;LUG715_3;330;39,300277778E;48,579444444N
LUG716;LUG716_1;60;39,250738889E;48,531416667N
LUG716;LUG716_2;180;39,250738889E;48,531416667N
LUG716;LUG716_3;290;39,250738889E;48,531416667N
LUG717;LUG717_1;90;39,314166667E;48,571944444N
LUG717;LUG717_2;210;39,314166667E;48,571944444N
LUG717;LUG717_3;335;39,314166667E;48,571944444N
LUG718;LUG718_1;25;39,385383333E;48,608583333N
LUG718;LUG718_2;165;39,385383333E;48,608583333N
LUG718;LUG718_3;276;39,385383333E;48,608583333N
LUG719;LUG719_1;90;39,345869444E;48,573533333N
LUG719;LUG719_2;210;39,345869444E;48,573533333N
LUG719;LUG719_3;330;39,345869444E;48,573533333N
LUG721;LUG721_1;90;39,386666667E;48,562777778N
LUG721;LUG721_2;202;39,386666667E;48,562777778N
LUG721;LUG721_3;336;39,386666667E;48,562777778N
LUG722;LUG722_1;90;39,303055556E;48,570833333N
LUG722;LUG722_2;210;39,303055556E;48,570833333N
LUG722;LUG722_3;330;39,303055556E;48,570833333N
LUG723;LUG723_1;90;39,382777778E;48,575277778N
LUG723;LUG723_2;210;39,382777778E;48,575277778N
LUG723;LUG723_3;330;39,382777778E;48,575277778N
LUG729;LUG729_1;95;38,807777778E;48,467777778N
LUG729;LUG729_2;210;38,807777778E;48,467777778N
LUG729;LUG729_3;330;38,807777778E;48,467777778N
LUG732;LUG732_1;105;38,824988889E;48,466241667N
LUG732;LUG732_2;225;38,824988889E;48,466241667N
LUG732;LUG732_3;330;38,824988889E;48,466241667N
LUG733;LUG733_1;30;38,811111111E;48,454533333N
LUG733;LUG733_2;120;38,811111111E;48,454533333N
LUG733;LUG733_3;240;38,811111111E;48,454533333N
LUG736;LUG736_1;30;39,908055556E;48,290277778N
LUG736;LUG736_2;145;39,908055556E;48,290277778N
LUG736;LUG736_3;250;39,908055556E;48,290277778N
LUG738;LUG738_1;130;38,803611111E;48,471944444N
LUG738;LUG738_2;220;38,803611111E;48,471944444N
LUG738;LUG738_3;330;38,803611111E;48,471944444N
LUG751;LUG751_1;45;39,104166667E;48,106666667N
LUG751;LUG751_2;160;39,104166667E;48,106666667N
LUG751;LUG751_3;280;39,104166667E;48,106666667N
LUG752;LUG752_1;0;39,090866667E;48,116141667N
LUG752;LUG752_2;154;39,090866667E;48,116141667N
LUG752;LUG752_3;236;39,090866667E;48,116141667N
LUG753;LUG753_1;100;39,439166667E;48,0475N
LUG753;LUG753_2;220;39,439166667E;48,0475N
LUG753;LUG753_3;340;39,439166667E;48,0475N
LUG754;LUG754_1;0;39,650555556E;48,050277778N
LUG754;LUG754_2;83;39,650555556E;48,050277778N
LUG754;LUG754_3;300;39,650555556E;48,050277778N
LUG756;LUG756_1;20;39,054166667E;48,089166667N
LUG756;LUG756_2;140;39,054166667E;48,089166667N
LUG756;LUG756_3;260;39,054166667E;48,089166667N
LUG757;LUG757_1;0;39,373055556E;48,085N
LUG757;LUG757_2;115;39,373055556E;48,085N
LUG757;LUG757_3;240;39,373055556E;48,085N
LUG758;LUG758_1;60;39,636894444E;48,084308333N
LUG758;LUG758_2;180;39,636894444E;48,084308333N
LUG758;LUG758_3;300;39,636894444E;48,084308333N
LUG759;LUG759_1;80;39,678888889E;48,078333333N
LUG759;LUG759_2;210;39,678888889E;48,078333333N
LUG759;LUG759_3;320;39,678888889E;48,078333333N
LUG760;LUG760_1;90;39,695E;48,078333333N
LUG760;LUG760_2;250;39,695E;48,078333333N
LUG760;LUG760_3;350;39,695E;48,078333333N
LUG761;LUG761_1;90;39,315555556E;48,560555556N
LUG761;LUG761_2;210;39,315555556E;48,560555556N
LUG761;LUG761_3;330;39,315555556E;48,560555556N
LUG763;LUG763_1;60;39,662666667E;48,070883333N
LUG763;LUG763_2;180;39,662666667E;48,070883333N
LUG763;LUG763_3;300;39,662666667E;48,070883333N
LUG764;LUG764_1;90;39,670555556E;48,077777778N
LUG764;LUG764_2;210;39,670555556E;48,077777778N
LUG764;LUG764_3;330;39,670555556E;48,077777778N
LUG766;LUG766_1;120;38,535912593E;48,625853688N
LUG766;LUG766_2;240;38,535912593E;48,625853688N
LUG766;LUG766_3;340;38,535912593E;48,625853688N
LUG772;LUG772_1;0;39,305111111E;48,558688889N
LUG772;LUG772_2;120;39,305111111E;48,558688889N
LUG772;LUG772_3;240;39,305111111E;48,558688889N
LUG774;LUG774_1;80;39,650941667E;48,048169444N
LUG774;LUG774_2;160;39,650941667E;48,048169444N
LUG774;LUG774_3;255;39,650941667E;48,048169444N
LUG775;LUG775_1;0;38,909444444E;48,136666667N
LUG775;LUG775_2;120;38,909444444E;48,136666667N
LUG775;LUG775_3;240;38,909444444E;48,136666667N
LUG777;LUG777_1;0;39,362777778E;48,090833333N
LUG777;LUG777_2;120;39,362777778E;48,090833333N
LUG777;LUG777_3;240;39,362777778E;48,090833333N
LUG778;LUG778_1;25;38,639166667E;48,559166667N
LUG778;LUG778_2;130;38,639166667E;48,559166667N
LUG778;LUG778_3;270;38,639166667E;48,559166667N
LUG802;LUG802_1;30;39,269208333E;48,528080556N
LUG802;LUG802_2;135;39,269208333E;48,528080556N
LUG802;LUG802_3;220;39,269208333E;48,528080556N
LUG803;LUG803_1;20;39,260555556E;48,541944444N
LUG803;LUG803_2;150;39,260555556E;48,541944444N
LUG803;LUG803_3;210;39,260555556E;48,541944444N
LUG806;LUG806_1;100;39,376111111E;48,560555556N
LUG806;LUG806_2;240;39,376111111E;48,560555556N
LUG806;LUG806_3;350;39,376111111E;48,560555556N
LUG807;LUG807_1;30;39,341666667E;48,535833333N
LUG807;LUG807_2;130;39,341666667E;48,535833333N
LUG807;LUG807_3;290;39,341666667E;48,535833333N
LUG808;LUG808_1;90;39,288888889E;48,575555556N
LUG808;LUG808_2;190;39,288888889E;48,575555556N
LUG808;LUG808_3;322;39,288888889E;48,575555556N
LUG811;LUG811_3;240;39,395277778E;48,565555556N
LUG811;LUG811_1;0;39,395277778E;48,565555556N
LUG811;LUG811_2;120;39,395277778E;48,565555556N
LUG812;LUG812_1;48;39,358005556E;48,505005556N
LUG812;LUG812_2;160;39,358005556E;48,505005556N
LUG812;LUG812_3;270;39,358005556E;48,505005556N
LUG813;LUG813_1;70;39,302613889E;48,567572222N
LUG813;LUG813_2;215;39,302613889E;48,567572222N
LUG813;LUG813_3;300;39,302613889E;48,567572222N
LUG815;LUG815_1;90;39,346388889E;48,566388889N
LUG815;LUG815_2;210;39,346388889E;48,566388889N
LUG815;LUG815_3;330;39,346388889E;48,566388889N
LUG817;LUG817_1;90;39,332261111E;48,580222222N
LUG817;LUG817_2;210;39,332261111E;48,580222222N
LUG817;LUG817_3;330;39,332261111E;48,580222222N
LUG818;LUG818_1;45;39,292747222E;48,541663889N
LUG818;LUG818_2;110;39,292747222E;48,541663889N
LUG818;LUG818_3;290;39,292747222E;48,541663889N
LUG819;LUG819_1;85;39,293055556E;48,52N
LUG819;LUG819_2;187;39,293055556E;48,52N
LUG819;LUG819_3;300;39,293055556E;48,52N
LUG821;LUG821_2;215;39,401666667E;48,578055556N
LUG821;LUG821_3;335;39,401666667E;48,578055556N
LUG821;LUG821_1;95;39,401666667E;48,578055556N
LUG823;LUG823_1;90;39,301666667E;48,585555556N
LUG823;LUG823_2;210;39,301666667E;48,585555556N
LUG823;LUG823_3;330;39,301666667E;48,585555556N
LUG825;LUG825_1;90;39,388888889E;48,5725N
LUG825;LUG825_2;210;39,388888889E;48,5725N
LUG825;LUG825_3;300;39,388888889E;48,5725N
LUG829;LUG829_1;90;38,791061111E;48,469413889N
LUG829;LUG829_2;210;38,791061111E;48,469413889N
LUG829;LUG829_3;330;38,791061111E;48,469413889N
LUG831;LUG831_1;80;38,838055556E;48,465833333N
LUG831;LUG831_2;275;38,838055556E;48,465833333N
LUG831;LUG831_3;343;38,838055556E;48,465833333N
LUG835;LUG835_1;40;38,645441667E;48,635636111N
LUG835;LUG835_2;155;38,645441667E;48,635636111N
LUG835;LUG835_3;290;38,645441667E;48,635636111N
LUG836;LUG836_1;30;38,9725E;48,7N
LUG836;LUG836_2;150;38,9725E;48,7N
LUG851;LUG851_1;0;39,261669444E;48,536727778N
LUG851;LUG851_2;100;39,261669444E;48,536727778N
LUG851;LUG851_3;220;39,261669444E;48,536727778N
LUG852;LUG852_2;220;39,349444444E;48,5825N
LUG852;LUG852_3;330;39,349444444E;48,5825N
LUG852;LUG852_1;100;39,349444444E;48,5825N
LUG853;LUG853_1;11,5;39,365555556E;48,598055556N
LUG853;LUG853_2;114,7;39,365555556E;48,598055556N
LUG853;LUG853_3;222;39,365555556E;48,598055556N
LUG857;LUG857_1;0;39,314694444E;48,565858333N
LUG857;LUG857_2;120;39,314694444E;48,565858333N
LUG857;LUG857_3;250;39,314694444E;48,565858333N
LUG858;LUG858_1;0;39,805738889E;48,074277778N
LUG858;LUG858_2;120;39,805738889E;48,074277778N
LUG858;LUG858_3;240;39,805738889E;48,074277778N
LUG863;LUG863_1;25;39,657894444E;48,342527778N
LUG863;LUG863_2;120;39,657894444E;48,342527778N
LUG863;LUG863_3;250;39,657894444E;48,342527778N
LUG864;LUG864_1;100;39,305280556E;48,535225N
LUG864;LUG864_2;240;39,305280556E;48,535225N
LUG864;LUG864_3;340;39,305280556E;48,535225N
LUG865;LUG865_1;30;39,655833333E;48,345555556N
LUG865;LUG865_2;150;39,655833333E;48,345555556N
LUG865;LUG865_3;270;39,655833333E;48,345555556N
LUG866;LUG866_1;20;39,294166667E;48,498055556N
LUG866;LUG866_2;130;39,294166667E;48,498055556N
LUG866;LUG866_3;235;39,294166667E;48,498055556N
LUG868;LUG868_1;100;39,271933333E;48,594216667N
LUG868;LUG868_2;210;39,271933333E;48,594216667N
LUG868;LUG868_3;330;39,271933333E;48,594216667N
LUG869;LUG869_1;15;39,308277778E;48,591408333N
LUG869;LUG869_2;160;39,308277778E;48,591408333N
LUG869;LUG869_3;290;39,308277778E;48,591408333N
LUG870;LUG870_1;30;39,3813E;48,554563889N
LUG870;LUG870_2;240;39,3813E;48,554563889N
LUG870;LUG870_3;320;39,3813E;48,554563889N
LUG877;LUG877_1;20;39,248527778E;48,531088889N
LUG877;LUG877_2;120;39,248527778E;48,531088889N
LUG877;LUG877_3;240;39,248527778E;48,531088889N
LUG879;LUG879_1;30;39,276769444E;48,535819444N
LUG879;LUG879_2;220;39,276769444E;48,535819444N
LUG879;LUG879_3;300;39,276769444E;48,535819444N
LUG881;LUG881_1;110;39,331775E;48,572313889N
LUG881;LUG881_2;220;39,331775E;48,572313889N
LUG881;LUG881_3;340;39,331775E;48,572313889N
LUG888;LUG888_1;30;39,365208333E;48,572547222N
LUG888;LUG888_2;150;39,365208333E;48,572547222N
LUG888;LUG888_3;270;39,365208333E;48,572547222N
LUG896;LUG896_1;80;38,511388889E;48,627222222N
LUG896;LUG896_2;240;38,511388889E;48,627222222N
LUG896;LUG896_3;330;38,511388889E;48,627222222N
LUG900;100D4;115;38,521388889E;48,626666667N
LUG900;100D5;240;38,521388889E;48,626666667N
LUG900;100D6;350;38,521388889E;48,626666667N
LUG901;LUG901_1;90;39,319444444E;48,559166667N
LUG901;LUG901_2;200;39,319444444E;48,559166667N
LUG901;LUG901_3;320;39,319444444E;48,559166667N
LUG904;LUG904_1;0;39,191666667E;48,557777778N
LUG904;LUG904_2;120;39,191666667E;48,557777778N
LUG904;LUG904_3;240;39,191666667E;48,557777778N
LUG906;LUG906_1;130;38,660277778E;48,505555556N
LUG906;LUG906_2;230;38,660277778E;48,505555556N
LUG906;LUG906_3;355;38,660277778E;48,505555556N
LUG911;LUG911_1;90;38,818033333E;48,436669444N
LUG911;LUG911_2;210;38,818033333E;48,436669444N
LUG911;LUG911_3;0;38,818033333E;48,436669444N
LUG916;LUG916_1;90;38,660833333E;48,580555556N
LUG916;LUG916_2;210;38,660833333E;48,580555556N
LUG916;LUG916_3;340;38,660833333E;48,580555556N
LUG930;LUG930_1;57;39,205277778E;48,405555556N
LUG930;LUG930_2;150;39,205277778E;48,405555556N
LUG930;LUG930_3;265;39,205277778E;48,405555556N
LUG942;LUG942_2;179;39,030277778E;48,555555556N
LUG942;LUG942_3;300;39,030277778E;48,555555556N
LUG942;LUG942_1;60;39,030277778E;48,555555556N
LUG946;LUG946_1;10;38,906666667E;48,150833333N
LUG946;LUG946_2;120;38,906666667E;48,150833333N
LUG946;LUG946_3;240;38,906666667E;48,150833333N
LUG947;LUG947_1;10;38,93E;48,135277778N
LUG947;LUG947_2;150;38,93E;48,135277778N
LUG947;LUG947_3;240;38,93E;48,135277778N
LUG948;LUG948_1;60;38,883055556E;48,304444444N
LUG948;LUG948_2;180;38,883055556E;48,304444444N
LUG948;LUG948_3;300;38,883055556E;48,304444444N
LUG949;LUG949_1;60;38,830277778E;48,173055556N
LUG949;LUG949_2;160;38,830277778E;48,173055556N
LUG949;LUG949_3;320;38,830277778E;48,173055556N
LUG951;LUG951_1;10;38,933055556E;48,149444444N
LUG951;LUG951_2;120;38,933055556E;48,149444444N
LUG951;LUG951_3;240;38,933055556E;48,149444444N
LUG952;LUG952_1;42;39,085E;48,124444444N
LUG952;LUG952_2;150;39,085E;48,124444444N
LUG952;LUG952_3;250;39,085E;48,124444444N
LUG954;LUG954_1;70;39,645602778E;48,079427778N
LUG954;LUG954_2;175;39,645602778E;48,079427778N
LUG954;LUG954_3;300;39,645602778E;48,079427778N
LUG955;LUG955_1;100;39,7375E;48,292777778N
LUG955;LUG955_2;185;39,7375E;48,292777778N
LUG955;LUG955_3;330;39,7375E;48,292777778N
LUG962;LUG962_1;110;39,685833333E;48,075N
LUG962;LUG962_2;220;39,685833333E;48,075N
LUG962;LUG962_3;340;39,685833333E;48,075N
LUG964;LUG964_1;60;39,651666667E;48,065833333N
LUG964;LUG964_2;200;39,651666667E;48,065833333N
LUG964;LUG964_3;300;39,651666667E;48,065833333N
LUG967;LUG967_1;90;39,789166667E;48,076388889N
LUG967;LUG967_2;210;39,789166667E;48,076388889N
LUG967;LUG967_3;330;39,789166667E;48,076388889N
LUG969;LUG969_1;120;39,733333333E;47,963333333N
LUG969;LUG969_2;220;39,733333333E;47,963333333N
LUG973;LUG973_1;90;38,655833333E;48,563888889N
LUG973;LUG973_2;215;38,655833333E;48,563888889N
LUG973;LUG973_3;335;38,655833333E;48,563888889N
LUG974;LUG974_1;350;38,634444444E;48,496666667N
LUG974;LUG974_2;120;38,634444444E;48,496666667N
LUG974;LUG974_3;240;38,634444444E;48,496666667N
LUG979;LUG979_1;120;39,124913889E;48,177711111N
LUG979;LUG979_2;230;39,124913889E;48,177711111N
LUG979;LUG979_3;340;39,124913889E;48,177711111N
LUG982;LUG982_1;30;39,308627778E;48,733311111N
LUG982;LUG982_2;115;39,308627778E;48,733311111N
LUG982;LUG982_3;230;39,308627778E;48,733311111N
LUG985;LUG985_3;350;38,631636111E;48,469672222N
LUG985;LUG985_1;80;38,631636111E;48,469672222N
LUG985;LUG985_2;275;38,631636111E;48,469672222N
LUG986;LUG986_1;60;38,617377778E;48,541163889N
LUG986;LUG986_2;160;38,617377778E;48,541163889N
LUG986;LUG986_3;300;38,617377778E;48,541163889N
LUG987;LUG987_1;15;39,741388889E;48,296111111N
LUG987;LUG987_2;120;39,741388889E;48,296111111N
LUG987;LUG987_3;215;39,741388889E;48,296111111N
LUG997;LUG997_1;0;39,374366667E;48,083366667N
LUG997;LUG997_2;120;39,374366667E;48,083366667N
LUG997;LUG997_3;240;39,374366667E;48,083366667N
Site449;Site449_GSM_1;40;39,245812226E;48,560439816N
Site449;Site449_GSM_2;145;39,245812226E;48,560439816N
Site449;Site449_GSM_3;290;39,245812226E;48,560439816N
Site506;Site506_GSM_1;33;38,902119637E;49,266098652N
Site506;Site506_GSM_2;160;38,902119637E;49,266098652N
Site506;Site506_GSM_3;260;38,902119637E;49,266098652N
Site529;Site529_GSM_1;0;38,99013E;48,966505N
Site529;Site529_GSM_2;120;38,99013E;48,966505N
Site529;Site529_GSM_3;240;38,99013E;48,966505N
